Timestamp,Shift,Analyst_ID,Urea_Biuret_Pct,Urea_Moisture_Pct,Urea_Prill_Size_Pct,Ammonia_Purity_Pct,Boiler_Water_pH
2025-01-01,Morning,AN-04,0.79,0.216,94.86,99.852,8.94
2025-01-01,Evening,AN-02,0.731,0.193,92.63,99.652,9.04
2025-01-01,Night,AN-03,0.704,0.204,92.3,99.608,8.35
2025-01-02,Morning,AN-04,0.826,0.204,93.25,99.722,8.81
2025-01-02,Evening,AN-03,0.706,0.223,91.08,99.738,8.85
2025-01-02,Night,AN-02,0.727,0.248,96.82,99.663,9.09
2025-01-03,Morning,AN-04,0.649,0.253,99.33,99.819,9.05
2025-01-03,Evening,AN-01,0.821,0.244,99.08,99.726,9.41
2025-01-03,Night,AN-03,0.777,0.167,94.18,99.661,8.83
2025-01-04,Morning,AN-02,0.799,0.239,91.6,99.748,9.33
2025-01-04,Evening,AN-03,0.629,0.253,93.13,99.659,9.29
2025-01-04,Night,AN-03,0.678,0.159,95.75,99.607,9.2
2025-01-05,Morning,AN-03,0.54,0.245,93.68,99.67,9.02
2025-01-05,Evening,AN-02,0.591,0.246,98.3,99.862,9.21
2025-01-05,Night,AN-03,0.79,0.255,94.04,99.731,9.34
2025-01-06,Morning,AN-03,0.764,0.212,94.47,99.565,8.75
2025-01-06,Evening,AN-01,0.637,0.207,92.78,99.62,8.96
2025-01-06,Night,AN-03,0.782,0.2,93.19,99.615,8.79
2025-01-07,Morning,AN-01,0.664,0.19,93.71,99.657,8.84
2025-01-07,Evening,AN-03,0.75,0.263,95.74,99.45,9.37
2025-01-07,Night,AN-03,0.841,0.243,95.16,99.609,9.35
2025-01-08,Morning,AN-03,0.638,0.235,94.64,99.703,8.7
2025-01-08,Evening,AN-01,0.887,0.246,93.52,99.663,9.16
2025-01-08,Night,AN-02,0.652,0.233,88.31,99.748,9.23
2025-01-09,Morning,AN-04,0.815,0.183,93.98,99.831,8.6
2025-01-09,Evening,AN-04,0.765,0.25,93.82,99.64,8.79
2025-01-09,Night,AN-04,0.799,0.257,93.98,99.785,9.04
2025-01-10,Morning,AN-03,0.653,0.22,92.7,99.654,8.72
2025-01-10,Evening,AN-01,0.816,0.277,92.98,99.625,8.78
2025-01-10,Night,AN-03,0.685,0.247,93.44,99.506,8.79
2025-01-11,Morning,AN-04,0.637,0.219,91.48,99.798,9.01
2025-01-11,Evening,AN-01,0.739,0.167,92.99,99.733,9.13
2025-01-11,Night,AN-01,0.788,0.218,91.72,99.549,8.89
2025-01-12,Morning,AN-03,0.819,0.253,92.8,99.764,8.73
2025-01-12,Evening,AN-03,0.835,0.222,95.33,99.807,8.76
2025-01-12,Night,AN-04,0.861,0.173,92.43,99.627,9.05
2025-01-13,Morning,AN-02,0.796,0.254,95.5,99.765,8.92
2025-01-13,Evening,AN-02,0.811,0.277,92.08,99.609,7.69
2025-01-13,Night,AN-01,0.717,0.222,91.62,99.667,9.39
2025-01-14,Morning,AN-04,0.76,0.256,93.18,99.663,8.68
2025-01-14,Evening,AN-01,0.588,0.226,92.11,99.785,8.8
2025-01-14,Night,AN-03,0.741,0.216,91.83,99.663,9.04
2025-01-15,Morning,AN-03,0.775,0.172,95.49,99.827,9.09
2025-01-15,Evening,AN-02,0.882,0.223,92.25,99.632,8.93
2025-01-15,Night,AN-02,0.786,0.243,91.55,99.694,8.19
2025-01-16,Morning,AN-01,0.668,0.207,93.79,99.7,9.19
2025-01-16,Evening,AN-01,0.734,0.222,94.86,99.713,8.53
2025-01-16,Night,AN-03,0.852,0.234,94.48,99.814,9.11
2025-01-17,Morning,AN-01,0.772,0.201,93.06,99.651,8.85
2025-01-17,Evening,AN-04,0.818,0.236,93.11,99.691,8.87
2025-01-17,Night,AN-01,0.794,0.199,89.75,99.578,8.83
2025-01-18,Morning,AN-01,0.843,0.243,91.17,99.614,9.2
2025-01-18,Evening,AN-03,0.854,0.221,94.93,99.669,9.08
2025-01-18,Night,AN-01,0.74,0.194,93.47,99.72,8.8
2025-01-19,Morning,AN-03,0.812,0.24,92.03,99.699,8.48
2025-01-19,Evening,AN-04,0.892,0.247,94.54,99.706,9.02
2025-01-19,Night,AN-02,0.712,0.227,90.46,99.559,8.82
2025-01-20,Morning,AN-02,0.733,0.189,95.25,99.628,8.53
2025-01-20,Evening,AN-01,0.695,0.219,96.17,99.777,9.12
2025-01-20,Night,AN-01,0.757,0.222,91.73,99.836,8.93
2025-01-21,Morning,AN-02,0.768,0.22,93.71,99.623,9.01
2025-01-21,Evening,AN-04,0.79,0.193,96.7,99.737,9.05
2025-01-21,Night,AN-02,0.741,0.249,90.45,99.778,8.96
2025-01-22,Morning,AN-01,0.642,0.196,90.69,99.668,8.58
2025-01-22,Evening,AN-02,0.826,0.203,91.61,99.749,8.67
2025-01-22,Night,AN-03,0.897,0.183,93.9,99.84,8.89
2025-01-23,Morning,AN-03,0.774,0.187,94.22,99.691,9.07
2025-01-23,Evening,AN-03,0.772,0.227,92.48,99.864,9.06
2025-01-23,Night,AN-01,0.714,0.239,91.26,99.686,9.03
2025-01-24,Morning,AN-04,0.791,0.116,92.94,99.648,9.22
2025-01-24,Evening,AN-02,0.832,0.225,91.36,99.673,9.37
2025-01-24,Night,AN-03,0.82,0.226,93.6,99.861,9.32
2025-01-25,Morning,AN-01,0.728,0.242,96.65,99.707,9.41
2025-01-25,Evening,AN-01,0.64,0.214,96.48,99.746,9.15
2025-01-25,Night,AN-03,0.75,0.232,95.86,99.556,8.97
2025-01-26,Morning,AN-01,0.744,0.167,96.65,99.609,9.14
2025-01-26,Evening,AN-01,0.745,0.249,91.43,99.75,8.87
2025-01-26,Night,AN-02,0.687,0.27,98.5,99.779,8.93
2025-01-27,Morning,AN-01,0.742,0.221,94.58,99.82,9.21
2025-01-27,Evening,AN-02,0.7,0.221,94.16,99.696,9.01
2025-01-27,Night,AN-02,0.882,0.213,94.71,99.731,9.77
2025-01-28,Morning,AN-03,0.84,0.185,90.02,99.729,8.88
2025-01-28,Evening,AN-03,0.665,0.2,91.88,99.665,9.05
2025-01-28,Night,AN-04,0.823,0.211,98.06,99.856,9.14
2025-01-29,Morning,AN-01,0.667,0.214,91.66,99.562,9.23
2025-01-29,Evening,AN-02,0.903,0.235,93.09,99.679,8.43
2025-01-29,Night,AN-02,0.684,0.204,88.24,99.768,9.1
2025-01-30,Morning,AN-03,0.743,0.22,94.45,99.782,9.14
2025-01-30,Evening,AN-01,0.616,0.236,92.11,99.757,8.81
2025-01-30,Night,AN-03,0.606,0.275,94.06,99.679,9.03
2025-01-31,Morning,AN-01,0.973,0.172,93.19,99.659,8.85
2025-01-31,Evening,AN-01,0.811,0.218,91.35,99.829,9.12
2025-01-31,Night,AN-01,0.78,0.202,93.68,99.684,9.29
2025-02-01,Morning,AN-02,0.77,0.243,94.84,99.656,9.11
2025-02-01,Evening,AN-03,0.573,0.231,92.93,99.795,8.94
2025-02-01,Night,AN-03,0.854,0.241,98.14,99.9,8.61
2025-02-02,Morning,AN-03,0.816,0.154,93.99,99.777,8.63
2025-02-02,Evening,AN-01,0.842,0.22,95.71,99.748,8.2
2025-02-02,Night,AN-03,0.663,0.195,96.67,99.74,8.91
2025-02-03,Morning,AN-01,0.816,0.197,88.89,99.706,9.63
2025-02-03,Evening,AN-01,0.811,0.192,95.33,99.836,9.1
2025-02-03,Night,AN-02,0.9,0.185,92.07,99.532,8.85
2025-02-04,Morning,AN-04,0.764,0.299,93.07,99.705,9.45
2025-02-04,Evening,AN-02,0.797,0.256,94.91,99.637,8.95
2025-02-04,Night,AN-01,0.671,0.216,93.62,99.809,8.58
2025-02-05,Morning,AN-02,0.872,0.238,92.18,99.608,9.06
2025-02-05,Evening,AN-03,0.732,0.239,96.17,99.618,8.62
2025-02-05,Night,AN-02,0.729,0.234,90.29,99.804,8.83
2025-02-06,Morning,AN-03,0.728,0.187,98.9,99.706,9.0
2025-02-06,Evening,AN-03,0.748,0.207,89.04,99.557,9.37
2025-02-06,Night,AN-01,0.861,0.14,89.14,99.576,8.71
2025-02-07,Morning,AN-01,0.766,0.223,93.11,99.751,8.93
2025-02-07,Evening,AN-03,0.825,0.258,95.02,99.587,8.87
2025-02-07,Night,AN-04,0.789,0.246,94.81,99.701,9.02
2025-02-08,Morning,AN-03,0.882,0.19,92.12,99.606,8.58
2025-02-08,Evening,AN-04,0.891,0.175,95.89,99.654,9.27
2025-02-08,Night,AN-04,0.648,0.273,89.13,99.87,9.05
2025-02-09,Morning,AN-02,0.742,0.225,91.45,99.698,9.08
2025-02-09,Evening,AN-03,0.922,0.24,92.19,99.658,8.68
2025-02-09,Night,AN-01,0.758,0.224,96.26,99.699,9.34
2025-02-10,Morning,AN-01,0.832,0.234,94.04,99.798,9.42
2025-02-10,Evening,AN-02,0.831,0.21,95.9,99.658,9.36
2025-02-10,Night,AN-01,0.722,0.226,90.49,99.758,8.62
2025-02-11,Morning,AN-02,0.686,0.242,96.65,99.687,9.14
2025-02-11,Evening,AN-02,0.681,0.241,92.29,99.712,9.64
2025-02-11,Night,AN-04,0.742,0.156,92.76,99.595,8.55
2025-02-12,Morning,AN-03,0.625,0.208,94.55,99.753,8.73
2025-02-12,Evening,AN-04,0.824,0.25,92.25,99.722,9.49
2025-02-12,Night,AN-01,0.78,0.238,94.68,99.808,9.21
2025-02-13,Morning,AN-04,0.787,0.261,95.66,99.714,8.9
2025-02-13,Evening,AN-02,0.815,0.224,94.44,99.679,9.28
2025-02-13,Night,AN-01,0.744,0.286,94.21,99.573,9.35
2025-02-14,Morning,AN-01,0.768,0.206,96.14,99.611,8.95
2025-02-14,Evening,AN-02,0.715,0.257,95.26,99.435,9.18
2025-02-14,Night,AN-04,0.807,0.221,96.07,99.632,8.87
2025-02-15,Morning,AN-01,0.551,0.2,90.31,99.673,8.83
2025-02-15,Evening,AN-01,0.716,0.212,90.68,99.608,8.75
2025-02-15,Night,AN-03,0.689,0.213,91.65,99.635,9.2
2025-02-16,Morning,AN-02,0.935,0.2,95.95,99.862,8.61
2025-02-16,Evening,AN-04,0.756,0.234,94.57,99.575,9.14
2025-02-16,Night,AN-03,0.864,0.203,91.75,99.747,8.86
2025-02-17,Morning,AN-03,0.801,0.216,95.86,99.551,8.82
2025-02-17,Evening,AN-01,0.793,0.253,91.71,99.71,8.56
2025-02-17,Night,AN-04,0.649,0.221,92.17,99.791,9.01
2025-02-18,Morning,AN-03,0.805,0.275,94.73,99.664,9.15
2025-02-18,Evening,AN-01,0.839,0.206,91.5,99.732,8.84
2025-02-18,Night,AN-03,0.72,0.195,92.05,99.749,9.1
2025-02-19,Morning,AN-01,0.782,0.24,89.53,99.672,8.78
2025-02-19,Evening,AN-02,0.725,0.227,94.02,99.858,8.98
2025-02-19,Night,AN-04,0.772,0.243,94.92,99.752,8.84
2025-02-20,Morning,AN-04,0.721,0.225,89.7,99.797,8.88
2025-02-20,Evening,AN-01,0.76,0.202,97.51,99.81,9.43
2025-02-20,Night,AN-03,0.875,0.218,92.33,99.888,8.64
2025-02-21,Morning,AN-03,0.574,0.204,95.34,99.746,9.14
2025-02-21,Evening,AN-03,0.732,0.186,93.26,99.763,8.69
2025-02-21,Night,AN-01,0.883,0.187,91.04,99.794,9.22
2025-02-22,Morning,AN-02,0.65,0.263,93.33,99.812,9.09
2025-02-22,Evening,AN-02,0.787,0.209,93.55,99.635,9.23
2025-02-22,Night,AN-02,0.85,0.235,91.34,99.695,9.09
2025-02-23,Morning,AN-04,0.689,0.203,92.52,99.567,9.29
2025-02-23,Evening,AN-01,0.714,0.163,92.55,99.458,8.6
2025-02-23,Night,AN-04,0.811,0.248,95.28,99.668,9.01
2025-02-24,Morning,AN-02,0.792,0.273,91.66,99.704,8.93
2025-02-24,Evening,AN-03,0.743,0.239,91.44,99.735,9.03
2025-02-24,Night,AN-03,0.755,0.201,94.97,99.739,9.22
2025-02-25,Morning,AN-03,0.801,0.283,93.07,99.916,9.29
2025-02-25,Evening,AN-03,0.782,0.285,92.72,99.72,8.74
2025-02-25,Night,AN-01,0.708,0.235,89.31,99.616,9.0
2025-02-26,Morning,AN-04,0.729,0.17,94.34,99.765,8.88
2025-02-26,Evening,AN-02,0.876,0.221,96.82,99.795,9.74
2025-02-26,Night,AN-01,0.742,0.273,90.07,99.643,9.2
2025-02-27,Morning,AN-02,0.764,0.257,93.23,99.775,8.82
2025-02-27,Evening,AN-04,0.706,0.2,93.45,99.817,9.14
2025-02-27,Night,AN-04,0.72,0.274,95.36,99.727,8.82
2025-02-28,Morning,AN-02,0.815,0.183,95.83,99.629,8.61
2025-02-28,Evening,AN-04,0.728,0.202,89.4,99.611,9.11
2025-02-28,Night,AN-04,0.87,0.246,92.77,99.665,8.92
2025-03-01,Morning,AN-02,0.916,0.253,93.16,99.858,9.58
2025-03-01,Evening,AN-02,0.754,0.199,93.23,99.597,8.95
2025-03-01,Night,AN-01,0.786,0.194,96.89,99.897,8.95
2025-03-02,Morning,AN-04,0.823,0.23,95.6,99.41,9.52
2025-03-02,Evening,AN-01,0.739,0.222,93.75,99.661,8.89
2025-03-02,Night,AN-04,0.836,0.215,94.65,99.608,8.99
2025-03-03,Morning,AN-01,0.91,0.231,94.56,99.72,8.94
2025-03-03,Evening,AN-02,0.801,0.186,96.93,99.585,7.88
2025-03-03,Night,AN-02,0.69,0.244,92.66,99.674,8.87
2025-03-04,Morning,AN-03,0.615,0.192,95.7,99.757,9.18
2025-03-04,Evening,AN-02,0.801,0.176,91.61,99.566,9.29
2025-03-04,Night,AN-02,0.878,0.195,91.42,99.485,8.84
2025-03-05,Morning,AN-01,0.644,0.184,94.16,99.827,9.17
2025-03-05,Evening,AN-01,0.755,0.254,92.55,99.698,8.71
2025-03-05,Night,AN-04,0.627,0.216,90.07,99.802,8.45
2025-03-06,Morning,AN-04,0.811,0.228,93.72,99.694,8.81
2025-03-06,Evening,AN-02,0.728,0.281,94.08,99.706,9.19
2025-03-06,Night,AN-02,0.871,0.243,92.23,99.541,8.97
2025-03-07,Morning,AN-04,0.737,0.204,94.58,99.795,8.83
2025-03-07,Evening,AN-03,0.748,0.237,93.97,99.836,9.03
2025-03-07,Night,AN-04,0.716,0.227,98.23,99.833,9.11
2025-03-08,Morning,AN-03,0.842,0.211,92.92,99.775,9.19
2025-03-08,Evening,AN-03,0.694,0.233,95.37,99.759,9.17
2025-03-08,Night,AN-03,0.655,0.229,94.83,99.741,8.95
2025-03-09,Morning,AN-01,0.74,0.199,92.15,99.567,9.19
2025-03-09,Evening,AN-01,0.775,0.22,94.37,99.623,8.64
2025-03-09,Night,AN-04,0.597,0.232,96.03,99.768,8.93
2025-03-10,Morning,AN-01,0.703,0.19,92.14,99.578,9.01
2025-03-10,Evening,AN-04,0.688,0.226,92.24,99.763,8.61
2025-03-10,Night,AN-04,0.656,0.183,94.96,99.895,8.93
2025-03-11,Morning,AN-03,0.888,0.259,94.96,99.667,8.7
2025-03-11,Evening,AN-04,0.691,0.257,95.79,99.761,7.53
2025-03-11,Night,AN-04,0.725,0.197,95.16,99.635,9.07
2025-03-12,Morning,AN-01,0.708,0.231,94.56,99.758,8.73
2025-03-12,Evening,AN-02,0.679,0.183,91.99,99.831,9.01
2025-03-12,Night,AN-04,0.781,0.295,93.49,99.784,9.02
2025-03-13,Morning,AN-03,0.742,0.273,94.05,99.664,8.89
2025-03-13,Evening,AN-01,0.655,0.209,91.32,99.831,9.01
2025-03-13,Night,AN-02,0.764,0.161,93.04,99.598,9.08
2025-03-14,Morning,AN-01,0.751,0.181,91.26,99.669,8.85
2025-03-14,Evening,AN-03,0.735,0.217,93.36,99.659,9.08
2025-03-14,Night,AN-03,0.519,0.229,94.09,99.621,9.14
2025-03-15,Morning,AN-02,0.647,0.254,89.27,99.644,8.85
2025-03-15,Evening,AN-03,0.762,0.21,92.21,99.67,8.9
2025-03-15,Night,AN-02,0.764,0.198,91.94,99.641,8.87
2025-03-16,Morning,AN-02,0.666,0.214,93.23,99.799,8.87
2025-03-16,Evening,AN-01,0.656,0.208,91.06,99.677,8.74
2025-03-16,Night,AN-04,0.706,0.232,90.39,99.718,9.0
2025-03-17,Morning,AN-02,0.796,0.22,98.16,99.631,8.89
2025-03-17,Evening,AN-01,0.843,0.194,88.66,99.656,8.78
2025-03-17,Night,AN-04,0.568,0.234,93.85,99.733,8.96
2025-03-18,Morning,AN-04,0.923,0.202,95.06,99.73,9.33
2025-03-18,Evening,AN-03,0.875,0.219,94.04,99.779,9.31
2025-03-18,Night,AN-03,0.686,0.259,91.44,99.567,9.17
2025-03-19,Morning,AN-01,0.843,0.257,88.87,99.62,8.96
2025-03-19,Evening,AN-02,0.83,0.197,90.51,99.85,8.92
2025-03-19,Night,AN-02,0.73,0.249,93.39,99.622,8.91
2025-03-20,Morning,AN-04,0.866,0.274,95.07,99.759,8.79
2025-03-20,Evening,AN-02,0.779,0.195,93.92,99.786,8.47
2025-03-20,Night,AN-01,0.732,0.212,94.15,99.782,9.22
2025-03-21,Morning,AN-02,0.703,0.229,90.02,99.576,9.15
2025-03-21,Evening,AN-01,0.821,0.242,91.32,99.75,9.08
2025-03-21,Night,AN-03,0.752,0.204,94.16,99.64,9.07
2025-03-22,Morning,AN-03,0.849,0.221,94.15,99.87,9.06
2025-03-22,Evening,AN-04,0.958,0.25,93.93,99.581,8.94
2025-03-22,Night,AN-03,0.816,0.192,96.2,99.658,9.07
2025-03-23,Morning,AN-02,0.638,0.266,95.48,99.769,8.45
2025-03-23,Evening,AN-04,0.687,0.239,93.25,99.742,8.78
2025-03-23,Night,AN-02,0.715,0.188,93.51,99.856,8.69
2025-03-24,Morning,AN-03,0.614,0.264,97.03,99.625,9.29
2025-03-24,Evening,AN-04,0.704,0.221,95.76,99.646,9.08
2025-03-24,Night,AN-02,0.915,0.256,95.65,99.759,9.19
2025-03-25,Morning,AN-01,0.706,0.234,91.78,99.755,8.88
2025-03-25,Evening,AN-03,0.715,0.193,91.73,99.686,9.12
2025-03-25,Night,AN-03,0.641,0.193,95.72,99.746,8.73
2025-03-26,Morning,AN-01,0.732,0.191,92.72,99.809,9.47
2025-03-26,Evening,AN-03,0.873,0.242,97.02,99.868,9.18
2025-03-26,Night,AN-02,0.833,0.214,92.73,99.74,8.95
2025-03-27,Morning,AN-01,0.861,0.205,93.8,99.673,8.75
2025-03-27,Evening,AN-02,0.742,0.214,91.66,99.617,8.94
2025-03-27,Night,AN-03,0.779,0.255,93.0,99.628,8.88
2025-03-28,Morning,AN-03,0.758,0.186,89.8,99.597,9.06
2025-03-28,Evening,AN-01,0.757,0.255,92.71,99.754,9.31
2025-03-28,Night,AN-01,0.814,0.182,94.12,99.564,9.12
2025-03-29,Morning,AN-04,0.747,0.202,96.92,99.726,8.85
2025-03-29,Evening,AN-01,0.726,0.225,94.3,99.881,8.98
2025-03-29,Night,AN-03,0.684,0.232,91.64,99.68,8.96
2025-03-30,Morning,AN-03,0.8,0.282,93.54,99.627,8.95
2025-03-30,Evening,AN-04,0.86,0.156,93.42,99.713,9.27
2025-03-30,Night,AN-03,0.634,0.223,92.74,99.751,9.08
2025-03-31,Morning,AN-03,0.747,0.193,93.74,99.572,8.77
2025-03-31,Evening,AN-04,0.774,0.197,92.6,99.815,9.03
2025-03-31,Night,AN-02,0.635,0.196,95.46,99.805,8.65
2025-04-01,Morning,AN-02,0.652,0.224,95.56,99.766,9.21
2025-04-01,Evening,AN-04,0.716,0.221,90.81,99.657,9.02
2025-04-01,Night,AN-03,0.674,0.233,97.83,99.593,9.01
2025-04-02,Morning,AN-02,0.863,0.188,93.41,99.608,8.09
2025-04-02,Evening,AN-02,0.655,0.212,93.57,99.673,9.45
2025-04-02,Night,AN-02,0.768,0.229,93.34,99.574,8.75
2025-04-03,Morning,AN-03,0.669,0.254,96.27,99.688,8.47
2025-04-03,Evening,AN-01,0.701,0.222,95.69,99.654,8.92
2025-04-03,Night,AN-02,0.705,0.208,92.11,99.497,9.19
2025-04-04,Morning,AN-01,0.851,0.244,94.8,99.652,9.17
2025-04-04,Evening,AN-04,0.656,0.256,92.52,99.72,9.07
2025-04-04,Night,AN-01,0.729,0.246,92.71,99.64,8.7
2025-04-05,Morning,AN-03,0.832,0.18,95.02,99.767,8.7
2025-04-05,Evening,AN-03,0.817,0.173,90.5,99.643,8.67
2025-04-05,Night,AN-03,0.707,0.217,94.2,99.719,9.18
2025-04-06,Morning,AN-01,0.715,0.236,95.36,99.8,9.51
2025-04-06,Evening,AN-04,0.803,0.208,94.21,99.635,8.77
2025-04-06,Night,AN-03,0.757,0.169,94.61,99.775,8.78
2025-04-07,Morning,AN-04,0.826,0.271,93.28,99.683,9.02
2025-04-07,Evening,AN-03,0.843,0.218,90.3,99.718,9.43
2025-04-07,Night,AN-02,0.802,0.301,89.7,99.631,9.37
2025-04-08,Morning,AN-03,0.722,0.21,92.75,99.692,9.16
2025-04-08,Evening,AN-02,0.756,0.172,92.98,99.616,9.54
2025-04-08,Night,AN-02,0.736,0.231,93.46,99.638,8.61
2025-04-09,Morning,AN-04,0.715,0.154,93.04,99.493,9.11
2025-04-09,Evening,AN-03,0.651,0.249,98.46,99.73,9.07
2025-04-09,Night,AN-01,0.776,0.26,89.56,99.712,8.96
2025-04-10,Morning,AN-04,0.804,0.224,96.29,99.72,9.25
2025-04-10,Evening,AN-04,0.718,0.2,90.61,99.514,9.21
2025-04-10,Night,AN-02,0.735,0.184,95.66,99.769,9.1
2025-04-11,Morning,AN-04,0.879,0.247,92.94,99.611,8.46
2025-04-11,Evening,AN-02,0.692,0.248,93.74,99.533,8.78
2025-04-11,Night,AN-04,0.848,0.255,95.97,99.527,9.05
2025-04-12,Morning,AN-02,0.811,0.26,95.1,99.828,7.83
2025-04-12,Evening,AN-01,0.747,0.214,93.23,99.512,8.86
2025-04-12,Night,AN-01,0.757,0.215,90.38,99.805,8.92
2025-04-13,Morning,AN-03,0.674,0.187,92.94,99.843,9.13
2025-04-13,Evening,AN-04,0.789,0.209,93.99,99.673,8.98
2025-04-13,Night,AN-01,0.663,0.208,91.18,99.679,8.92
2025-04-14,Morning,AN-04,0.812,0.15,94.2,99.744,9.33
2025-04-14,Evening,AN-03,0.62,0.258,97.47,99.654,8.99
2025-04-14,Night,AN-03,0.658,0.187,93.71,99.689,8.96
2025-04-15,Morning,AN-04,0.729,0.268,94.68,99.67,9.17
2025-04-15,Evening,AN-04,0.723,0.194,93.7,99.592,9.08
2025-04-15,Night,AN-03,0.792,0.159,93.88,99.582,9.39
2025-04-16,Morning,AN-03,0.77,0.252,92.52,99.614,9.14
2025-04-16,Evening,AN-03,0.592,0.242,91.25,99.724,9.52
2025-04-16,Night,AN-03,0.676,0.241,95.3,99.595,8.7
2025-04-17,Morning,AN-01,0.714,0.182,93.44,99.643,8.62
2025-04-17,Evening,AN-03,0.769,0.169,95.9,99.645,8.99
2025-04-17,Night,AN-04,0.772,0.21,94.81,99.663,9.09
2025-04-18,Morning,AN-03,0.748,0.162,93.33,100.0,8.69
2025-04-18,Evening,AN-04,0.769,0.147,99.2,99.673,9.3
2025-04-18,Night,AN-03,0.723,0.217,96.42,99.598,8.8
2025-04-19,Morning,AN-03,0.797,0.132,94.88,99.719,9.0
2025-04-19,Evening,AN-01,0.719,0.222,95.77,99.843,9.33
2025-04-19,Night,AN-04,0.678,0.199,92.38,99.786,9.13
2025-04-20,Morning,AN-02,0.807,0.225,93.81,99.638,9.08
2025-04-20,Evening,AN-01,0.737,0.198,92.08,99.686,8.8
2025-04-20,Night,AN-02,0.725,0.199,94.21,99.653,9.16
2025-04-21,Morning,AN-02,0.737,0.199,91.4,99.624,9.22
2025-04-21,Evening,AN-03,0.7,0.255,94.09,99.552,9.06
2025-04-21,Night,AN-04,0.859,0.181,87.16,99.718,9.45
2025-04-22,Morning,AN-02,0.849,0.144,97.28,99.623,8.74
2025-04-22,Evening,AN-02,0.658,0.222,91.95,99.789,8.54
2025-04-22,Night,AN-01,0.748,0.191,95.47,99.613,8.95
2025-04-23,Morning,AN-03,0.724,0.225,95.23,99.613,8.84
2025-04-23,Evening,AN-03,0.726,0.252,93.9,99.786,9.04
2025-04-23,Night,AN-02,0.732,0.243,93.36,99.898,9.39
2025-04-24,Morning,AN-03,0.644,0.208,92.22,99.683,9.05
2025-04-24,Evening,AN-01,0.757,0.226,92.2,99.668,9.15
2025-04-24,Night,AN-04,0.846,0.147,93.44,99.693,9.28
2025-04-25,Morning,AN-03,0.638,0.178,96.09,99.668,8.9
2025-04-25,Evening,AN-01,0.789,0.245,96.24,99.765,9.19
2025-04-25,Night,AN-02,0.78,0.193,91.67,99.813,8.7
2025-04-26,Morning,AN-02,0.881,0.196,93.82,99.711,8.92
2025-04-26,Evening,AN-01,0.61,0.224,90.3,99.587,8.95
2025-04-26,Night,AN-02,0.539,0.212,94.43,99.762,9.09
2025-04-27,Morning,AN-01,0.656,0.253,95.0,99.772,9.11
2025-04-27,Evening,AN-04,0.752,0.214,92.05,99.587,8.88
2025-04-27,Night,AN-03,0.828,0.198,88.96,99.726,9.25
2025-04-28,Morning,AN-01,0.642,0.236,97.58,99.737,9.29
2025-04-28,Evening,AN-02,0.622,0.195,93.28,99.536,8.96
2025-04-28,Night,AN-01,0.883,0.284,94.41,99.784,9.5
2025-04-29,Morning,AN-01,0.697,0.202,94.21,99.601,9.1
2025-04-29,Evening,AN-03,0.863,0.247,93.63,99.744,8.74
2025-04-29,Night,AN-01,0.731,0.234,95.57,99.692,8.92
2025-04-30,Morning,AN-02,0.762,0.173,93.47,99.69,8.86
2025-04-30,Evening,AN-02,0.75,0.171,92.39,99.722,9.21
2025-04-30,Night,AN-01,0.701,0.215,90.74,99.809,9.05
2025-05-01,Morning,AN-02,0.716,0.238,90.14,99.746,9.51
2025-05-01,Evening,AN-04,0.641,0.236,95.09,99.836,8.75
2025-05-01,Night,AN-04,0.743,0.183,91.48,99.783,9.35
2025-05-02,Morning,AN-04,0.844,0.237,94.38,99.814,9.09
2025-05-02,Evening,AN-01,0.65,0.238,95.35,99.655,8.88
2025-05-02,Night,AN-03,0.771,0.247,93.04,99.699,9.15
2025-05-03,Morning,AN-02,0.642,0.172,94.02,99.715,9.03
2025-05-03,Evening,AN-02,0.797,0.165,96.88,99.62,9.19
2025-05-03,Night,AN-02,0.717,0.241,93.72,99.758,9.49
2025-05-04,Morning,AN-01,0.625,0.215,93.86,99.788,8.96
2025-05-04,Evening,AN-03,0.863,0.208,92.74,99.353,9.1
2025-05-04,Night,AN-03,0.644,0.207,93.68,99.562,9.35
2025-05-05,Morning,AN-02,0.542,0.226,94.42,99.74,9.31
2025-05-05,Evening,AN-01,0.664,0.222,96.25,99.64,8.99
2025-05-05,Night,AN-03,0.805,0.143,91.96,99.598,8.74
2025-05-06,Morning,AN-01,0.69,0.202,91.47,99.781,9.33
2025-05-06,Evening,AN-03,0.612,0.2,96.01,99.602,8.88
2025-05-06,Night,AN-03,0.787,0.241,91.92,99.583,9.04
2025-05-07,Morning,AN-01,0.894,0.231,94.51,99.643,9.14
2025-05-07,Evening,AN-01,0.758,0.234,93.19,99.608,9.08
2025-05-07,Night,AN-03,0.91,0.313,94.77,99.682,9.13
2025-05-08,Morning,AN-01,0.821,0.212,93.96,99.68,8.98
2025-05-08,Evening,AN-03,0.646,0.183,95.72,99.794,9.16
2025-05-08,Night,AN-03,0.757,0.259,86.39,99.779,8.94
2025-05-09,Morning,AN-01,0.629,0.209,95.37,99.758,9.13
2025-05-09,Evening,AN-03,0.754,0.215,89.41,99.742,8.92
2025-05-09,Night,AN-03,0.661,0.19,94.29,99.781,8.84
2025-05-10,Morning,AN-01,0.812,0.18,94.93,99.661,8.89
2025-05-10,Evening,AN-03,0.668,0.179,90.3,99.811,8.84
2025-05-10,Night,AN-02,0.873,0.2,93.01,99.824,8.71
2025-05-11,Morning,AN-02,0.793,0.215,96.41,99.815,8.7
2025-05-11,Evening,AN-02,0.792,0.233,93.15,99.74,8.99
2025-05-11,Night,AN-03,0.732,0.192,95.37,99.804,8.54
2025-05-12,Morning,AN-02,0.676,0.232,98.65,99.774,9.34
2025-05-12,Evening,AN-03,0.757,0.232,93.32,99.719,9.05
2025-05-12,Night,AN-01,0.685,0.281,95.12,99.61,9.36
2025-05-13,Morning,AN-02,0.816,0.266,91.14,99.608,9.25
2025-05-13,Evening,AN-01,0.772,0.285,91.45,99.556,9.36
2025-05-13,Night,AN-02,0.754,0.212,92.81,99.538,8.97
2025-05-14,Morning,AN-02,0.79,0.195,94.96,99.697,9.53
2025-05-14,Evening,AN-02,0.768,0.209,93.22,99.783,8.89
2025-05-14,Night,AN-01,0.621,0.279,94.63,99.604,9.16
2025-05-15,Morning,AN-03,0.779,0.237,92.03,99.613,9.43
2025-05-15,Evening,AN-04,0.726,0.168,96.18,99.777,8.92
2025-05-15,Night,AN-03,0.756,0.242,94.51,99.576,9.22
2025-05-16,Morning,AN-04,0.821,0.208,96.59,99.76,8.85
2025-05-16,Evening,AN-04,0.815,0.212,95.82,99.764,9.54
2025-05-16,Night,AN-02,0.69,0.22,96.17,99.585,9.03
2025-05-17,Morning,AN-02,0.706,0.246,92.69,99.695,9.01
2025-05-17,Evening,AN-01,0.596,0.249,91.39,99.697,8.96
2025-05-17,Night,AN-04,0.793,0.189,93.79,99.716,8.83
2025-05-18,Morning,AN-02,0.776,0.217,95.14,99.538,9.09
2025-05-18,Evening,AN-02,0.789,0.236,94.65,99.675,8.97
2025-05-18,Night,AN-01,0.776,0.193,91.89,99.764,8.93
2025-05-19,Morning,AN-01,0.638,0.22,94.38,99.785,9.04
2025-05-19,Evening,AN-01,0.763,0.15,91.26,99.623,9.37
2025-05-19,Night,AN-04,0.828,0.248,90.88,99.705,8.82
2025-05-20,Morning,AN-03,0.649,0.212,92.79,99.61,8.87
2025-05-20,Evening,AN-03,0.691,0.199,93.74,99.745,8.48
2025-05-20,Night,AN-01,0.863,0.195,97.11,99.624,9.16
2025-05-21,Morning,AN-04,0.776,0.248,91.37,99.709,8.77
2025-05-21,Evening,AN-02,0.77,0.22,94.34,99.729,8.89
2025-05-21,Night,AN-04,0.535,0.228,93.4,99.624,9.51
2025-05-22,Morning,AN-02,0.827,0.23,94.71,99.805,9.21
2025-05-22,Evening,AN-01,0.746,0.257,95.8,99.637,8.67
2025-05-22,Night,AN-04,0.734,0.21,93.48,99.876,8.73
2025-05-23,Morning,AN-02,0.728,0.248,94.54,99.704,9.05
2025-05-23,Evening,AN-02,0.705,0.229,93.52,99.693,8.86
2025-05-23,Night,AN-03,0.7,0.214,92.23,99.479,9.22
2025-05-24,Morning,AN-02,0.852,0.253,92.65,99.661,9.26
2025-05-24,Evening,AN-01,0.771,0.265,96.43,99.741,9.19
2025-05-24,Night,AN-02,0.8,0.196,96.66,99.577,9.33
2025-05-25,Morning,AN-02,0.766,0.229,97.07,99.807,9.05
2025-05-25,Evening,AN-01,0.825,0.198,89.93,99.619,9.38
2025-05-25,Night,AN-02,0.689,0.199,95.29,99.684,8.66
2025-05-26,Morning,AN-02,0.752,0.215,91.23,99.757,8.98
2025-05-26,Evening,AN-02,0.663,0.247,93.86,99.755,8.71
2025-05-26,Night,AN-03,0.678,0.247,90.8,99.761,9.13
2025-05-27,Morning,AN-04,0.674,0.263,92.53,99.693,8.92
2025-05-27,Evening,AN-03,0.789,0.231,94.49,99.564,8.92
2025-05-27,Night,AN-01,0.777,0.229,94.49,99.546,9.19
2025-05-28,Morning,AN-03,0.799,0.293,91.03,99.592,8.71
2025-05-28,Evening,AN-02,0.847,0.202,89.69,99.764,8.7
2025-05-28,Night,AN-02,0.805,0.227,94.52,99.623,8.9
2025-05-29,Morning,AN-03,0.911,0.251,94.02,99.805,9.04
2025-05-29,Evening,AN-03,0.752,0.195,94.36,99.865,9.47
2025-05-29,Night,AN-01,0.733,0.237,90.41,99.714,9.28
2025-05-30,Morning,AN-04,0.794,0.24,93.51,99.656,9.26
2025-05-30,Evening,AN-04,0.907,0.22,95.62,99.834,8.81
2025-05-30,Night,AN-02,0.711,0.18,92.68,99.709,8.87
2025-05-31,Morning,AN-01,0.792,0.26,95.28,99.75,8.75
2025-05-31,Evening,AN-04,0.995,0.256,94.13,99.635,9.05
2025-05-31,Night,AN-04,0.713,0.215,93.34,99.655,9.05
2025-06-01,Morning,AN-03,0.689,0.245,96.95,99.744,9.0
2025-06-01,Evening,AN-04,0.678,0.25,94.11,99.707,9.3
2025-06-01,Night,AN-01,0.74,0.195,89.43,99.864,8.75
2025-06-02,Morning,AN-01,0.734,0.198,93.13,99.545,8.88
2025-06-02,Evening,AN-04,0.727,0.23,93.54,99.754,8.7
2025-06-02,Night,AN-03,0.719,0.203,96.38,99.586,8.91
2025-06-03,Morning,AN-04,0.777,0.246,96.65,99.692,8.7
2025-06-03,Evening,AN-01,0.778,0.19,93.3,99.522,8.98
2025-06-03,Night,AN-02,0.683,0.19,95.56,99.585,8.87
2025-06-04,Morning,AN-01,0.84,0.24,92.63,99.781,8.11
2025-06-04,Evening,AN-04,0.761,0.144,97.67,99.775,9.49
2025-06-04,Night,AN-01,0.826,0.209,89.92,99.608,9.39
2025-06-05,Morning,AN-04,0.728,0.272,93.66,99.81,9.01
2025-06-05,Evening,AN-04,0.582,0.246,91.63,99.74,8.68
2025-06-05,Night,AN-03,0.773,0.143,92.97,99.721,9.21
2025-06-06,Morning,AN-03,0.662,0.227,96.06,99.649,8.82
2025-06-06,Evening,AN-03,0.732,0.164,95.25,99.714,8.58
2025-06-06,Night,AN-01,0.774,0.231,96.34,99.769,8.96
2025-06-07,Morning,AN-01,0.655,0.19,91.85,99.77,9.05
2025-06-07,Evening,AN-03,0.571,0.156,92.23,99.746,8.31
2025-06-07,Night,AN-02,0.71,0.215,94.78,99.678,9.46
2025-06-08,Morning,AN-03,0.702,0.187,98.56,99.722,9.01
2025-06-08,Evening,AN-04,0.821,0.177,95.21,99.622,9.17
2025-06-08,Night,AN-02,0.704,0.23,90.31,99.775,8.9
2025-06-09,Morning,AN-01,0.66,0.223,92.15,99.584,9.15
2025-06-09,Evening,AN-03,0.809,0.223,92.16,99.683,9.38
2025-06-09,Night,AN-04,0.761,0.19,90.91,99.821,9.43
2025-06-10,Morning,AN-02,0.82,0.206,91.63,99.796,8.02
2025-06-10,Evening,AN-04,0.868,0.199,92.58,99.785,8.89
2025-06-10,Night,AN-02,0.713,0.185,91.2,99.73,8.99
2025-06-11,Morning,AN-03,0.789,0.228,95.02,99.62,8.86
2025-06-11,Evening,AN-01,0.674,0.272,95.46,99.676,9.28
2025-06-11,Night,AN-01,0.661,0.224,93.66,99.802,9.07
2025-06-12,Morning,AN-01,0.768,0.271,93.37,99.515,9.2
2025-06-12,Evening,AN-03,0.62,0.166,96.38,99.659,8.97
2025-06-12,Night,AN-01,0.793,0.226,94.05,99.827,9.18
2025-06-13,Morning,AN-01,0.773,0.244,92.0,99.627,8.94
2025-06-13,Evening,AN-02,0.762,0.2,94.39,99.908,8.56
2025-06-13,Night,AN-01,0.797,0.261,92.75,99.643,8.9
2025-06-14,Morning,AN-01,0.717,0.277,94.67,99.566,9.12
2025-06-14,Evening,AN-01,0.626,0.212,93.81,99.714,9.05
2025-06-14,Night,AN-03,0.664,0.201,93.36,99.615,9.31
2025-06-15,Morning,AN-04,0.745,0.227,91.23,99.775,9.17
2025-06-15,Evening,AN-04,0.765,0.233,92.43,99.703,8.38
2025-06-15,Night,AN-03,0.697,0.174,95.79,99.628,8.81
2025-06-16,Morning,AN-04,0.764,0.235,93.05,99.637,8.45
2025-06-16,Evening,AN-04,0.842,0.201,89.6,99.86,8.91
2025-06-16,Night,AN-01,0.706,0.226,90.98,99.66,9.08
2025-06-17,Morning,AN-03,0.723,0.223,90.31,99.646,9.07
2025-06-17,Evening,AN-01,0.778,0.212,96.38,99.843,9.37
2025-06-17,Night,AN-02,0.705,0.205,96.33,99.795,8.97
2025-06-18,Morning,AN-04,0.846,0.224,89.37,99.588,8.95
2025-06-18,Evening,AN-03,0.775,0.168,94.26,99.686,9.05
2025-06-18,Night,AN-03,0.871,0.199,96.25,99.582,9.34
2025-06-19,Morning,AN-02,0.712,0.215,90.64,99.523,8.84
2025-06-19,Evening,AN-04,0.647,0.237,94.45,99.513,8.71
2025-06-19,Night,AN-03,0.727,0.262,92.93,99.794,9.28
2025-06-20,Morning,AN-01,0.659,0.23,92.72,99.649,8.85
2025-06-20,Evening,AN-04,0.742,0.199,95.69,99.782,8.74
2025-06-20,Night,AN-02,0.753,0.233,95.5,99.598,9.12
2025-06-21,Morning,AN-04,0.729,0.185,92.85,99.63,8.73
2025-06-21,Evening,AN-03,0.591,0.202,94.92,99.622,9.0
2025-06-21,Night,AN-01,0.697,0.278,93.17,99.554,9.07
2025-06-22,Morning,AN-01,0.701,0.234,92.54,99.631,8.71
2025-06-22,Evening,AN-02,0.61,0.229,96.04,99.808,8.86
2025-06-22,Night,AN-03,0.792,0.21,92.84,99.761,8.88
2025-06-23,Morning,AN-03,0.636,0.207,94.25,99.605,9.03
2025-06-23,Evening,AN-03,0.688,0.26,90.99,99.789,9.22
2025-06-23,Night,AN-04,0.896,0.169,89.16,99.854,9.28
2025-06-24,Morning,AN-04,0.824,0.236,96.59,99.73,9.17
2025-06-24,Evening,AN-03,0.692,0.198,93.54,99.648,8.93
2025-06-24,Night,AN-02,0.845,0.185,97.0,99.852,9.18
2025-06-25,Morning,AN-03,0.893,0.241,93.38,99.816,8.68
2025-06-25,Evening,AN-01,0.836,0.23,92.9,99.489,8.95
2025-06-25,Night,AN-03,0.793,0.256,94.5,99.694,9.31
2025-06-26,Morning,AN-04,0.648,0.226,95.62,99.575,9.05
2025-06-26,Evening,AN-02,0.825,0.242,89.08,99.738,9.08
2025-06-26,Night,AN-04,0.67,0.251,97.49,99.724,9.03
2025-06-27,Morning,AN-01,0.762,0.259,97.36,99.784,8.8
2025-06-27,Evening,AN-02,0.845,0.263,93.0,99.705,8.77
2025-06-27,Night,AN-04,0.844,0.217,86.81,99.768,8.92
2025-06-28,Morning,AN-03,0.72,0.228,90.78,99.624,9.01
2025-06-28,Evening,AN-03,0.726,0.26,93.98,99.856,7.53
2025-06-28,Night,AN-03,0.724,0.214,92.18,99.671,9.35
2025-06-29,Morning,AN-02,0.551,0.217,95.55,99.674,8.5
2025-06-29,Evening,AN-04,0.846,0.254,91.84,99.66,8.77
2025-06-29,Night,AN-03,0.776,0.173,94.49,99.668,8.13
2025-06-30,Morning,AN-02,0.655,0.233,97.88,99.599,8.91
2025-06-30,Evening,AN-04,0.783,0.166,93.91,99.594,8.76
2025-06-30,Night,AN-02,0.844,0.288,94.88,99.573,9.49
2025-07-01,Morning,AN-03,0.748,0.191,94.4,99.704,9.1
2025-07-01,Evening,AN-04,0.708,0.405,94.76,99.608,8.49
2025-07-01,Night,AN-02,0.815,0.325,95.33,99.71,9.09
2025-07-02,Morning,AN-03,0.804,0.216,92.41,99.666,9.11
2025-07-02,Evening,AN-01,0.756,0.22,91.98,99.731,8.99
2025-07-02,Night,AN-04,0.909,0.197,93.86,99.751,9.61
2025-07-03,Morning,AN-04,0.707,0.195,92.44,99.68,9.02
2025-07-03,Evening,AN-03,0.923,0.256,93.95,99.803,9.28
2025-07-03,Night,AN-03,0.705,0.187,94.1,99.806,9.04
2025-07-04,Morning,AN-03,0.846,0.35,93.4,99.617,9.27
2025-07-04,Evening,AN-02,0.785,0.305,95.97,99.854,8.61
2025-07-04,Night,AN-01,0.805,0.224,93.03,99.905,8.83
2025-07-05,Morning,AN-03,0.718,0.335,90.65,99.736,9.06
2025-07-05,Evening,AN-01,0.776,0.256,95.9,99.644,9.32
2025-07-05,Night,AN-02,0.767,0.217,93.75,99.677,8.99
2025-07-06,Morning,AN-03,0.762,0.202,93.8,99.859,9.17
2025-07-06,Evening,AN-01,0.659,0.233,92.17,99.755,8.64
2025-07-06,Night,AN-01,0.56,0.21,93.08,99.719,8.82
2025-07-07,Morning,AN-04,0.751,0.205,92.82,99.435,9.34
2025-07-07,Evening,AN-03,0.714,0.213,93.31,99.692,9.01
2025-07-07,Night,AN-04,0.665,0.253,95.44,99.674,8.87
2025-07-08,Morning,AN-02,0.661,0.393,87.95,99.668,9.03
2025-07-08,Evening,AN-01,0.791,0.181,93.42,99.714,8.87
2025-07-08,Night,AN-02,0.815,0.339,93.12,99.664,9.3
2025-07-09,Morning,AN-04,0.7,0.289,93.12,99.768,9.36
2025-07-09,Evening,AN-02,0.706,0.268,96.02,99.728,9.08
2025-07-09,Night,AN-04,0.773,0.203,97.86,99.804,9.38
2025-07-10,Morning,AN-03,0.673,0.269,92.28,99.583,8.95
2025-07-10,Evening,AN-04,0.915,0.183,91.97,99.589,9.14
2025-07-10,Night,AN-04,0.846,0.321,90.1,99.743,9.15
2025-07-11,Morning,AN-02,0.892,0.215,91.27,99.759,8.93
2025-07-11,Evening,AN-01,0.603,0.219,94.85,99.712,8.97
2025-07-11,Night,AN-02,0.646,0.193,92.81,99.775,8.67
2025-07-12,Morning,AN-03,0.825,0.346,96.13,99.739,9.39
2025-07-12,Evening,AN-01,0.715,0.208,92.65,99.649,9.32
2025-07-12,Night,AN-03,0.904,0.183,93.65,99.571,8.83
2025-07-13,Morning,AN-01,0.677,0.25,92.85,99.589,8.74
2025-07-13,Evening,AN-03,0.741,0.37,97.5,99.775,9.12
2025-07-13,Night,AN-01,0.766,0.23,91.56,99.661,8.96
2025-07-14,Morning,AN-04,0.914,0.22,95.14,99.621,8.81
2025-07-14,Evening,AN-01,0.837,0.174,90.57,99.656,8.77
2025-07-14,Night,AN-03,0.792,0.269,93.55,99.554,8.83
2025-07-15,Morning,AN-03,0.608,0.365,93.6,99.746,9.11
2025-07-15,Evening,AN-04,0.723,0.231,93.24,99.746,8.88
2025-07-15,Night,AN-02,0.735,0.345,91.91,99.992,8.77
2025-07-16,Morning,AN-02,0.705,0.233,94.2,99.714,8.72
2025-07-16,Evening,AN-03,0.848,0.196,91.27,99.699,8.97
2025-07-16,Night,AN-03,0.809,0.238,93.2,99.734,9.26
2025-07-17,Morning,AN-02,0.82,0.178,95.61,99.694,8.99
2025-07-17,Evening,AN-04,0.642,0.346,93.69,99.881,8.78
2025-07-17,Night,AN-04,0.934,0.335,94.9,99.885,8.93
2025-07-18,Morning,AN-03,0.704,0.23,95.46,99.678,9.27
2025-07-18,Evening,AN-03,0.866,0.222,94.23,99.719,8.58
2025-07-18,Night,AN-01,0.751,0.251,91.11,99.702,9.05
2025-07-19,Morning,AN-04,0.705,0.257,92.77,99.616,9.1
2025-07-19,Evening,AN-01,0.589,0.224,95.17,99.688,8.89
2025-07-19,Night,AN-03,0.737,0.344,91.51,99.519,9.03
2025-07-20,Morning,AN-04,0.762,0.211,93.25,99.774,9.01
2025-07-20,Evening,AN-02,0.667,0.191,95.13,99.728,9.04
2025-07-20,Night,AN-03,0.85,0.327,92.05,99.503,9.03
2025-07-21,Morning,AN-04,0.913,0.221,92.45,99.765,8.54
2025-07-21,Evening,AN-01,0.773,0.323,90.52,99.648,8.87
2025-07-21,Night,AN-01,0.832,0.18,93.84,99.632,8.97
2025-07-22,Morning,AN-02,0.584,0.217,93.18,99.667,8.74
2025-07-22,Evening,AN-03,0.656,0.31,95.58,99.691,8.68
2025-07-22,Night,AN-03,0.876,0.222,92.16,99.611,8.79
2025-07-23,Morning,AN-01,0.633,0.389,95.08,99.676,8.66
2025-07-23,Evening,AN-03,0.67,0.233,91.7,99.71,8.68
2025-07-23,Night,AN-02,0.607,0.367,95.73,99.703,9.47
2025-07-24,Morning,AN-03,0.855,0.323,96.01,99.552,8.9
2025-07-24,Evening,AN-02,0.724,0.356,95.38,99.889,9.17
2025-07-24,Night,AN-04,0.849,0.231,91.47,99.669,8.85
2025-07-25,Morning,AN-02,0.693,0.243,98.76,99.78,9.24
2025-07-25,Evening,AN-01,0.724,0.244,91.17,99.815,9.04
2025-07-25,Night,AN-04,0.704,0.297,93.97,99.546,9.06
2025-07-26,Morning,AN-04,0.72,0.198,94.17,99.865,9.03
2025-07-26,Evening,AN-03,0.83,0.244,90.12,99.721,8.96
2025-07-26,Night,AN-02,0.799,0.385,93.0,99.533,9.19
2025-07-27,Morning,AN-04,0.683,0.362,90.57,99.657,9.12
2025-07-27,Evening,AN-03,0.805,0.357,91.82,99.509,8.9
2025-07-27,Night,AN-04,0.83,0.237,89.26,99.663,8.99
2025-07-28,Morning,AN-02,0.691,0.259,91.12,99.749,9.07
2025-07-28,Evening,AN-04,0.88,0.218,92.87,99.708,8.76
2025-07-28,Night,AN-04,0.826,0.218,97.4,99.722,8.91
2025-07-29,Morning,AN-02,0.621,0.299,91.02,99.599,8.92
2025-07-29,Evening,AN-04,0.871,0.36,89.59,99.786,8.86
2025-07-29,Night,AN-04,0.766,0.231,95.78,99.598,8.86
2025-07-30,Morning,AN-01,0.793,0.233,92.91,99.572,9.13
2025-07-30,Evening,AN-01,0.683,0.345,89.65,99.768,9.13
2025-07-30,Night,AN-01,0.797,0.217,94.2,99.717,8.58
2025-07-31,Morning,AN-01,0.765,0.237,94.64,99.631,8.99
2025-07-31,Evening,AN-03,0.778,0.223,94.25,99.719,9.13
2025-07-31,Night,AN-04,0.866,0.292,92.11,99.742,8.83
2025-08-01,Morning,AN-04,0.74,0.195,91.9,99.893,9.11
2025-08-01,Evening,AN-02,0.614,0.295,91.82,99.777,9.13
2025-08-01,Night,AN-04,0.881,0.231,91.69,99.697,9.0
2025-08-02,Morning,AN-02,0.788,0.385,93.23,99.672,9.41
2025-08-02,Evening,AN-02,0.876,0.221,93.75,99.633,9.29
2025-08-02,Night,AN-02,0.733,0.25,94.18,99.829,8.68
2025-08-03,Morning,AN-03,0.688,0.212,96.86,99.78,9.22
2025-08-03,Evening,AN-04,0.637,0.198,92.38,99.683,8.78
2025-08-03,Night,AN-03,0.824,0.286,91.88,99.577,9.05
2025-08-04,Morning,AN-02,0.842,0.227,97.01,99.742,9.2
2025-08-04,Evening,AN-01,0.668,0.226,96.57,99.745,9.24
2025-08-04,Night,AN-03,0.731,0.193,91.11,99.692,9.3
2025-08-05,Morning,AN-04,0.677,0.203,93.16,99.862,9.14
2025-08-05,Evening,AN-03,0.644,0.329,90.13,99.66,9.12
2025-08-05,Night,AN-01,0.884,0.163,96.25,99.678,9.21
2025-08-06,Morning,AN-01,0.756,0.201,87.43,99.893,8.73
2025-08-06,Evening,AN-04,0.802,0.364,93.16,99.638,8.75
2025-08-06,Night,AN-03,0.663,0.19,89.91,99.765,8.67
2025-08-07,Morning,AN-01,0.842,0.197,96.77,99.547,9.41
2025-08-07,Evening,AN-02,0.72,0.314,90.51,99.621,9.08
2025-08-07,Night,AN-03,0.885,0.25,97.06,99.632,9.03
2025-08-08,Morning,AN-01,0.54,0.221,96.53,99.618,9.27
2025-08-08,Evening,AN-02,0.8,0.269,94.3,99.731,8.62
2025-08-08,Night,AN-04,0.54,0.244,94.36,99.763,9.09
2025-08-09,Morning,AN-04,0.601,0.223,95.91,99.69,8.76
2025-08-09,Evening,AN-02,0.702,0.254,92.57,99.698,8.95
2025-08-09,Night,AN-01,0.895,0.21,94.08,99.649,8.79
2025-08-10,Morning,AN-04,0.703,0.24,93.22,99.52,8.91
2025-08-10,Evening,AN-01,0.737,0.368,89.91,99.964,9.22
2025-08-10,Night,AN-03,0.73,0.249,93.75,99.68,8.57
2025-08-11,Morning,AN-03,0.759,0.201,94.54,99.415,8.79
2025-08-11,Evening,AN-03,0.66,0.317,96.73,99.62,8.68
2025-08-11,Night,AN-03,0.724,0.341,92.79,99.536,9.27
2025-08-12,Morning,AN-03,0.822,0.233,92.85,99.648,8.93
2025-08-12,Evening,AN-04,0.624,0.261,92.22,99.75,8.61
2025-08-12,Night,AN-01,0.656,0.345,89.09,99.64,9.27
2025-08-13,Morning,AN-01,0.613,0.341,87.4,99.759,9.02
2025-08-13,Evening,AN-03,0.788,0.211,90.17,99.722,9.14
2025-08-13,Night,AN-02,0.83,0.211,95.09,99.671,8.99
2025-08-14,Morning,AN-03,0.789,0.323,92.76,99.664,8.94
2025-08-14,Evening,AN-04,0.742,0.16,91.39,99.641,7.47
2025-08-14,Night,AN-03,0.58,0.209,95.69,99.675,7.8
2025-08-15,Morning,AN-03,0.791,0.207,90.38,99.679,9.3
2025-08-15,Evening,AN-01,0.628,0.19,95.46,99.78,9.23
2025-08-15,Night,AN-03,0.773,0.338,91.11,99.611,9.38
2025-08-16,Morning,AN-02,0.753,0.307,94.55,99.765,8.68
2025-08-16,Evening,AN-04,0.848,0.188,91.9,99.804,8.85
2025-08-16,Night,AN-04,0.822,0.225,91.56,99.46,9.45
2025-08-17,Morning,AN-04,0.734,0.167,95.31,99.52,9.04
2025-08-17,Evening,AN-02,0.826,0.219,92.57,99.741,8.95
2025-08-17,Night,AN-01,0.73,0.29,94.35,99.772,9.06
2025-08-18,Morning,AN-01,0.724,0.204,93.35,99.859,9.0
2025-08-18,Evening,AN-02,0.758,0.21,93.24,99.62,9.1
2025-08-18,Night,AN-04,0.605,0.212,93.08,99.665,9.66
2025-08-19,Morning,AN-04,0.774,0.197,93.83,99.718,8.83
2025-08-19,Evening,AN-04,0.766,0.368,93.23,99.67,8.75
2025-08-19,Night,AN-04,0.7,0.35,91.6,99.795,8.65
2025-08-20,Morning,AN-04,0.848,0.27,95.82,99.654,8.65
2025-08-20,Evening,AN-02,0.789,0.252,91.65,99.735,8.97
2025-08-20,Night,AN-03,0.818,0.224,92.1,99.727,9.06
2025-08-21,Morning,AN-01,0.639,0.251,91.93,99.704,8.98
2025-08-21,Evening,AN-04,0.768,0.245,95.7,99.666,8.96
2025-08-21,Night,AN-03,0.758,0.326,89.76,99.477,9.06
2025-08-22,Morning,AN-01,0.705,0.198,89.26,99.58,9.31
2025-08-22,Evening,AN-04,0.733,0.255,94.75,99.498,9.05
2025-08-22,Night,AN-04,0.724,0.208,90.88,99.687,9.14
2025-08-23,Morning,AN-03,0.851,0.229,91.07,99.567,8.61
2025-08-23,Evening,AN-02,0.803,0.235,95.16,99.767,9.08
2025-08-23,Night,AN-03,0.781,0.316,91.09,99.747,9.47
2025-08-24,Morning,AN-03,0.849,0.237,95.65,99.765,9.0
2025-08-24,Evening,AN-03,0.654,0.349,91.73,99.755,8.99
2025-08-24,Night,AN-02,0.622,0.32,92.15,99.618,9.21
2025-08-25,Morning,AN-02,0.867,0.236,92.43,99.514,9.06
2025-08-25,Evening,AN-03,0.746,0.29,92.89,99.678,9.07
2025-08-25,Night,AN-01,0.803,0.218,91.01,99.806,8.85
2025-08-26,Morning,AN-01,0.675,0.292,99.12,99.682,8.77
2025-08-26,Evening,AN-01,0.858,0.182,97.64,99.742,9.26
2025-08-26,Night,AN-04,0.867,0.233,87.67,99.677,8.73
2025-08-27,Morning,AN-03,0.809,0.201,93.96,99.67,8.95
2025-08-27,Evening,AN-02,0.811,0.344,91.87,99.688,8.77
2025-08-27,Night,AN-04,0.679,0.366,93.23,99.676,9.06
2025-08-28,Morning,AN-03,0.808,0.239,95.69,99.661,8.54
2025-08-28,Evening,AN-04,0.664,0.392,91.62,99.722,9.2
2025-08-28,Night,AN-01,0.704,0.392,91.75,99.679,8.97
2025-08-29,Morning,AN-02,0.709,0.195,92.9,99.65,8.89
2025-08-29,Evening,AN-02,0.843,0.234,87.95,99.754,9.07
2025-08-29,Night,AN-03,0.767,0.31,93.49,99.778,8.95
2025-08-30,Morning,AN-03,0.845,0.259,92.0,99.591,9.0
2025-08-30,Evening,AN-03,0.858,0.217,96.39,99.668,9.23
2025-08-30,Night,AN-01,0.768,0.211,93.67,99.566,9.22
2025-08-31,Morning,AN-02,0.755,0.159,96.53,99.649,9.01
2025-08-31,Evening,AN-01,0.725,0.245,95.28,99.584,8.9
2025-08-31,Night,AN-02,0.725,0.256,94.76,99.66,8.85
2025-09-01,Morning,AN-02,0.906,0.228,94.61,99.41,9.09
2025-09-01,Evening,AN-02,0.89,0.208,93.01,99.964,8.96
2025-09-01,Night,AN-03,0.64,0.216,96.15,99.775,8.99
2025-09-02,Morning,AN-03,0.725,0.192,94.02,99.62,9.37
2025-09-02,Evening,AN-03,0.727,0.255,93.28,99.671,8.77
2025-09-02,Night,AN-01,0.651,0.249,91.56,99.72,8.69
2025-09-03,Morning,AN-04,0.809,0.194,93.1,99.655,9.0
2025-09-03,Evening,AN-02,0.868,0.199,91.32,99.767,8.8
2025-09-03,Night,AN-04,0.674,0.214,94.86,99.731,8.85
2025-09-04,Morning,AN-02,0.726,0.228,94.41,99.649,8.88
2025-09-04,Evening,AN-04,0.76,0.228,95.2,99.692,9.02
2025-09-04,Night,AN-03,0.826,0.219,92.22,99.759,9.1
2025-09-05,Morning,AN-02,0.779,0.228,90.8,99.738,8.97
2025-09-05,Evening,AN-02,0.753,0.212,93.92,99.752,8.49
2025-09-05,Night,AN-03,0.919,0.196,94.26,99.628,9.17
2025-09-06,Morning,AN-01,0.666,0.234,94.11,99.796,8.8
2025-09-06,Evening,AN-04,0.753,0.238,93.86,99.767,8.79
2025-09-06,Night,AN-02,0.91,0.281,93.15,99.617,9.15
2025-09-07,Morning,AN-04,0.72,0.221,93.23,99.641,9.07
2025-09-07,Evening,AN-03,0.804,0.232,91.41,99.725,8.7
2025-09-07,Night,AN-01,0.73,0.228,95.82,99.479,8.9
2025-09-08,Morning,AN-02,0.836,0.21,86.62,99.618,9.3
2025-09-08,Evening,AN-04,0.747,0.24,93.79,99.74,9.05
2025-09-08,Night,AN-01,0.583,0.215,92.94,99.66,8.97
2025-09-09,Morning,AN-02,0.771,0.177,92.95,99.773,9.09
2025-09-09,Evening,AN-04,0.69,0.159,93.29,99.738,8.78
2025-09-09,Night,AN-03,0.685,0.21,93.88,99.583,9.18
2025-09-10,Morning,AN-02,0.811,0.163,94.88,99.62,9.08
2025-09-10,Evening,AN-04,0.73,0.181,92.87,99.602,8.77
2025-09-10,Night,AN-04,0.804,0.214,89.91,99.733,8.05
2025-09-11,Morning,AN-03,0.853,0.226,97.17,99.678,8.96
2025-09-11,Evening,AN-03,0.797,0.239,89.49,99.709,8.88
2025-09-11,Night,AN-02,0.689,0.214,94.02,99.798,8.62
2025-09-12,Morning,AN-01,0.765,0.238,93.17,99.84,8.8
2025-09-12,Evening,AN-03,0.727,0.21,93.96,99.692,7.71
2025-09-12,Night,AN-04,0.845,0.29,95.33,99.795,9.03
2025-09-13,Morning,AN-04,0.739,0.178,93.0,99.893,9.21
2025-09-13,Evening,AN-01,0.707,0.225,93.59,99.826,9.65
2025-09-13,Night,AN-02,0.841,0.257,91.57,99.653,10.01
2025-09-14,Morning,AN-04,0.695,0.249,95.59,99.837,8.79
2025-09-14,Evening,AN-03,0.788,0.222,95.54,99.787,8.81
2025-09-14,Night,AN-01,0.669,0.169,93.49,99.634,8.94
2025-09-15,Morning,AN-01,0.673,0.211,92.43,99.969,9.21
2025-09-15,Evening,AN-04,0.802,0.248,92.46,99.585,9.07
2025-09-15,Night,AN-04,0.684,0.214,92.26,99.329,9.44
2025-09-16,Morning,AN-01,0.716,0.186,94.38,99.8,9.22
2025-09-16,Evening,AN-01,0.779,0.2,92.07,99.7,9.44
2025-09-16,Night,AN-04,0.786,0.205,92.56,99.724,8.68
2025-09-17,Morning,AN-01,0.739,0.212,91.6,99.693,9.26
2025-09-17,Evening,AN-02,0.781,0.22,92.89,99.641,8.65
2025-09-17,Night,AN-03,0.853,0.257,93.13,99.84,9.4
2025-09-18,Morning,AN-02,0.769,0.258,95.16,99.797,9.08
2025-09-18,Evening,AN-03,0.639,0.194,93.65,99.806,8.79
2025-09-18,Night,AN-03,0.814,0.208,92.81,99.783,9.06
2025-09-19,Morning,AN-02,0.717,0.188,94.37,99.717,9.71
2025-09-19,Evening,AN-04,0.86,0.223,94.32,99.478,8.7
2025-09-19,Night,AN-03,0.821,0.228,90.67,99.644,8.94
2025-09-20,Morning,AN-01,0.991,0.239,92.1,99.678,8.78
2025-09-20,Evening,AN-04,0.558,0.218,94.01,99.646,8.6
2025-09-20,Night,AN-03,0.716,0.206,89.73,99.667,9.18
2025-09-21,Morning,AN-02,0.648,0.235,94.47,99.676,9.26
2025-09-21,Evening,AN-01,0.706,0.221,95.15,99.713,9.01
2025-09-21,Night,AN-04,0.79,0.19,92.12,99.917,9.17
2025-09-22,Morning,AN-04,0.667,0.207,96.2,99.701,8.69
2025-09-22,Evening,AN-02,0.85,0.229,97.71,99.761,9.41
2025-09-22,Night,AN-03,0.769,0.247,92.51,99.703,8.94
2025-09-23,Morning,AN-01,0.621,0.212,96.04,99.831,9.21
2025-09-23,Evening,AN-04,0.584,0.219,95.86,99.681,9.18
2025-09-23,Night,AN-01,0.778,0.223,94.13,99.657,9.01
2025-09-24,Morning,AN-02,0.825,0.208,90.83,99.656,8.52
2025-09-24,Evening,AN-01,0.65,0.2,95.27,99.793,8.56
2025-09-24,Night,AN-03,0.799,0.173,93.92,99.71,9.01
2025-09-25,Morning,AN-04,0.833,0.187,96.7,99.803,9.25
2025-09-25,Evening,AN-02,0.757,0.207,94.53,99.704,8.82
2025-09-25,Night,AN-03,0.748,0.22,92.41,99.636,9.04
2025-09-26,Morning,AN-04,0.741,0.21,95.37,99.588,8.81
2025-09-26,Evening,AN-03,0.755,0.193,95.01,99.841,8.94
2025-09-26,Night,AN-03,0.753,0.244,93.66,99.598,9.06
2025-09-27,Morning,AN-03,0.67,0.232,93.33,99.667,8.86
2025-09-27,Evening,AN-01,0.884,0.202,90.18,99.782,8.65
2025-09-27,Night,AN-03,0.715,0.214,95.42,99.708,8.71
2025-09-28,Morning,AN-04,0.746,0.195,94.74,99.767,8.92
2025-09-28,Evening,AN-02,0.761,0.231,95.59,99.621,9.17
2025-09-28,Night,AN-02,0.695,0.2,92.29,99.754,9.26
2025-09-29,Morning,AN-02,0.717,0.21,91.92,99.7,9.28
2025-09-29,Evening,AN-02,0.652,0.233,93.42,99.525,9.03
2025-09-29,Night,AN-03,0.683,0.246,95.25,99.682,8.5
2025-09-30,Morning,AN-03,0.814,0.249,92.44,99.685,8.81
2025-09-30,Evening,AN-03,0.66,0.19,94.71,99.692,9.02
2025-09-30,Night,AN-01,0.874,0.16,94.47,99.723,8.8
2025-10-01,Morning,AN-01,0.638,0.239,94.03,99.701,9.27
2025-10-01,Evening,AN-03,0.699,0.219,94.67,99.641,8.54
2025-10-01,Night,AN-01,0.716,0.147,92.71,99.73,9.05
2025-10-02,Morning,AN-03,0.613,0.257,93.72,99.839,9.18
2025-10-02,Evening,AN-01,0.755,0.226,91.88,99.716,8.9
2025-10-02,Night,AN-02,0.709,0.184,97.25,99.701,8.94
2025-10-03,Morning,AN-04,0.676,0.209,93.11,99.825,8.8
2025-10-03,Evening,AN-01,0.782,0.194,98.15,99.739,9.17
2025-10-03,Night,AN-04,0.728,0.271,91.64,99.751,8.66
2025-10-04,Morning,AN-02,0.702,0.173,95.22,99.742,8.76
2025-10-04,Evening,AN-04,0.707,0.184,93.65,99.712,8.94
2025-10-04,Night,AN-02,0.592,0.198,94.47,99.729,8.81
2025-10-05,Morning,AN-04,0.844,0.2,95.37,99.787,9.09
2025-10-05,Evening,AN-03,0.643,0.242,96.21,99.959,8.7
2025-10-05,Night,AN-03,0.806,0.305,96.93,99.54,8.8
2025-10-06,Morning,AN-02,0.804,0.188,94.08,99.836,9.21
2025-10-06,Evening,AN-01,0.848,0.174,91.58,99.652,8.65
2025-10-06,Night,AN-04,0.756,0.243,94.96,99.728,8.95
2025-10-07,Morning,AN-03,0.725,0.234,91.82,99.68,8.6
2025-10-07,Evening,AN-01,0.903,0.177,92.95,99.634,8.95
2025-10-07,Night,AN-01,0.86,0.186,92.92,99.825,9.25
2025-10-08,Morning,AN-01,0.837,0.226,93.92,99.699,7.67
2025-10-08,Evening,AN-04,0.767,0.203,94.21,99.957,9.13
2025-10-08,Night,AN-01,0.848,0.214,91.39,99.602,8.93
2025-10-09,Morning,AN-04,0.726,0.287,96.94,99.94,9.11
2025-10-09,Evening,AN-02,0.666,0.233,89.93,99.644,7.72
2025-10-09,Night,AN-04,0.884,0.213,91.23,99.916,9.29
2025-10-10,Morning,AN-04,0.783,0.231,96.18,99.72,8.79
2025-10-10,Evening,AN-01,0.622,0.194,91.7,99.886,9.29
2025-10-10,Night,AN-02,0.859,0.211,92.47,99.859,8.69
2025-10-11,Morning,AN-04,0.66,0.225,92.62,99.704,9.35
2025-10-11,Evening,AN-04,0.737,0.276,94.44,99.702,8.87
2025-10-11,Night,AN-03,0.793,0.21,95.69,99.746,8.95
2025-10-12,Morning,AN-04,0.858,0.175,90.71,99.482,8.83
2025-10-12,Evening,AN-04,0.763,0.266,91.55,99.612,9.06
2025-10-12,Night,AN-01,0.787,0.212,92.18,99.72,9.02
2025-10-13,Morning,AN-03,0.685,0.186,91.21,99.653,8.83
2025-10-13,Evening,AN-04,0.627,0.255,93.07,99.812,8.87
2025-10-13,Night,AN-01,0.708,0.222,91.83,99.694,9.31
2025-10-14,Morning,AN-01,0.736,0.148,90.44,99.658,8.67
2025-10-14,Evening,AN-04,0.813,0.246,92.16,99.779,8.94
2025-10-14,Night,AN-03,0.702,0.201,91.71,99.646,9.19
2025-10-15,Morning,AN-03,0.732,0.229,94.04,99.73,8.93
2025-10-15,Evening,AN-04,0.742,0.206,96.31,99.801,8.65
2025-10-15,Night,AN-01,0.837,0.201,93.34,99.504,9.29
2025-10-16,Morning,AN-01,0.773,0.227,92.81,99.712,9.38
2025-10-16,Evening,AN-03,0.781,0.2,95.08,99.8,8.98
2025-10-16,Night,AN-03,0.845,0.251,93.59,99.76,9.13
2025-10-17,Morning,AN-04,0.741,0.272,92.01,99.606,8.95
2025-10-17,Evening,AN-01,0.74,0.2,88.89,99.86,9.18
2025-10-17,Night,AN-01,0.793,0.223,97.83,99.612,9.33
2025-10-18,Morning,AN-02,0.7,0.167,90.94,99.69,8.8
2025-10-18,Evening,AN-01,0.687,0.214,95.35,99.882,8.9
2025-10-18,Night,AN-02,0.79,0.239,90.9,99.55,8.81
2025-10-19,Morning,AN-03,0.697,0.231,91.11,99.775,8.79
2025-10-19,Evening,AN-04,0.787,0.259,92.29,99.699,8.99
2025-10-19,Night,AN-02,0.759,0.202,95.14,99.629,9.53
2025-10-20,Morning,AN-02,0.721,0.17,97.78,99.747,8.88
2025-10-20,Evening,AN-01,0.856,0.251,94.93,99.661,9.08
2025-10-20,Night,AN-01,0.812,0.221,89.64,99.388,9.05
2025-10-21,Morning,AN-03,0.729,0.191,88.64,99.899,8.76
2025-10-21,Evening,AN-03,0.75,0.204,92.78,99.663,8.76
2025-10-21,Night,AN-04,0.593,0.239,92.27,99.719,9.26
2025-10-22,Morning,AN-04,0.719,0.265,98.1,99.677,8.62
2025-10-22,Evening,AN-01,0.826,0.269,93.26,99.642,8.98
2025-10-22,Night,AN-02,0.783,0.212,93.74,99.746,8.95
2025-10-23,Morning,AN-03,0.742,0.235,93.56,99.611,9.17
2025-10-23,Evening,AN-04,0.756,0.178,93.89,99.659,9.21
2025-10-23,Night,AN-01,0.762,0.232,96.41,99.711,8.96
2025-10-24,Morning,AN-02,0.781,0.215,92.83,99.522,8.77
2025-10-24,Evening,AN-01,0.788,0.24,95.98,99.954,8.75
2025-10-24,Night,AN-03,0.826,0.245,92.88,99.554,9.33
2025-10-25,Morning,AN-02,0.797,0.245,92.31,99.727,9.66
2025-10-25,Evening,AN-03,0.811,0.168,92.22,99.857,9.36
2025-10-25,Night,AN-03,0.825,0.191,94.18,99.618,9.23
2025-10-26,Morning,AN-04,0.728,0.246,92.68,99.724,9.06
2025-10-26,Evening,AN-03,0.749,0.171,91.49,99.684,8.5
2025-10-26,Night,AN-01,0.612,0.26,98.74,99.705,8.84
2025-10-27,Morning,AN-02,0.976,0.224,93.75,99.614,8.82
2025-10-27,Evening,AN-03,0.738,0.235,93.62,99.588,8.86
2025-10-27,Night,AN-01,0.691,0.239,93.26,99.673,9.05
2025-10-28,Morning,AN-01,0.718,0.198,93.28,99.761,8.99
2025-10-28,Evening,AN-01,0.733,0.211,95.28,99.744,8.8
2025-10-28,Night,AN-02,0.852,0.212,89.71,99.727,9.03
2025-10-29,Morning,AN-03,0.722,0.205,91.52,99.823,8.94
2025-10-29,Evening,AN-01,0.794,0.163,92.59,99.872,8.81
2025-10-29,Night,AN-02,0.702,0.255,91.77,99.501,8.52
2025-10-30,Morning,AN-01,0.758,0.23,93.38,99.662,8.91
2025-10-30,Evening,AN-01,0.807,0.222,95.67,99.728,9.06
2025-10-30,Night,AN-02,0.719,0.226,93.46,99.602,8.99
2025-10-31,Morning,AN-04,0.651,0.235,96.0,99.611,8.64
2025-10-31,Evening,AN-02,0.827,0.2,89.5,99.726,7.65
2025-10-31,Night,AN-02,0.735,0.192,94.05,99.781,8.9
2025-11-01,Morning,AN-01,0.901,0.215,94.96,99.616,9.08
2025-11-01,Evening,AN-02,0.646,0.259,93.57,99.607,8.53
2025-11-01,Night,AN-04,0.898,0.212,93.14,99.744,9.0
2025-11-02,Morning,AN-04,0.702,0.191,94.61,99.799,9.26
2025-11-02,Evening,AN-02,0.844,0.224,88.66,99.664,9.68
2025-11-02,Night,AN-02,0.732,0.163,93.88,99.529,8.84
2025-11-03,Morning,AN-04,0.875,0.169,93.2,99.616,9.46
2025-11-03,Evening,AN-02,0.798,0.219,93.35,99.66,9.05
2025-11-03,Night,AN-01,0.731,0.216,91.18,99.782,9.05
2025-11-04,Morning,AN-04,0.716,0.232,99.01,99.491,8.99
2025-11-04,Evening,AN-02,0.62,0.209,93.38,99.831,8.53
2025-11-04,Night,AN-03,0.783,0.19,97.9,99.753,8.73
2025-11-05,Morning,AN-04,0.726,0.201,96.11,99.823,8.92
2025-11-05,Evening,AN-04,0.606,0.222,96.07,99.673,9.38
2025-11-05,Night,AN-04,0.789,0.273,95.15,99.573,9.02
2025-11-06,Morning,AN-01,0.949,0.193,93.49,99.342,9.05
2025-11-06,Evening,AN-01,0.732,0.241,90.56,99.548,9.11
2025-11-06,Night,AN-04,0.831,0.182,91.24,99.706,8.92
2025-11-07,Morning,AN-01,0.591,0.2,93.11,99.59,8.36
2025-11-07,Evening,AN-01,0.742,0.193,94.6,99.613,8.83
2025-11-07,Night,AN-02,0.802,0.187,96.13,99.716,9.16
2025-11-08,Morning,AN-02,1.037,0.181,94.04,99.347,8.61
2025-11-08,Evening,AN-04,0.705,0.245,95.07,99.632,8.96
2025-11-08,Night,AN-01,0.707,0.191,95.49,99.676,9.29
2025-11-09,Morning,AN-01,0.75,0.174,94.54,99.783,8.85
2025-11-09,Evening,AN-01,1.123,0.23,94.44,99.503,8.87
2025-11-09,Night,AN-01,0.806,0.204,94.04,99.712,9.43
2025-11-10,Morning,AN-01,0.952,0.234,97.62,99.391,8.63
2025-11-10,Evening,AN-04,0.777,0.202,95.55,99.7,9.17
2025-11-10,Night,AN-03,0.578,0.178,92.56,99.698,9.19
2025-11-11,Morning,AN-03,0.758,0.189,91.76,99.876,9.04
2025-11-11,Evening,AN-02,0.89,0.206,95.96,99.776,8.78
2025-11-11,Night,AN-03,0.819,0.225,95.92,99.578,9.12
2025-11-12,Morning,AN-04,0.656,0.239,92.79,99.69,9.31
2025-11-12,Evening,AN-01,0.838,0.214,91.03,99.723,9.03
2025-11-12,Night,AN-01,0.907,0.192,93.03,99.647,9.02
2025-11-13,Morning,AN-01,0.725,0.223,95.75,99.549,8.51
2025-11-13,Evening,AN-02,0.703,0.241,96.2,99.695,8.74
2025-11-13,Night,AN-04,0.797,0.242,95.24,99.797,8.93
2025-11-14,Morning,AN-02,0.914,0.205,95.24,99.813,8.7
2025-11-14,Evening,AN-03,0.721,0.246,94.22,99.85,9.02
2025-11-14,Night,AN-03,0.832,0.164,93.92,99.727,8.96
2025-11-15,Morning,AN-01,0.957,0.219,95.1,99.433,8.72
2025-11-15,Evening,AN-01,0.943,0.19,93.97,99.47,8.97
2025-11-15,Night,AN-04,0.643,0.26,96.75,99.732,9.31
2025-11-16,Morning,AN-04,0.761,0.238,90.08,99.621,9.11
2025-11-16,Evening,AN-02,0.782,0.227,94.98,99.688,9.41
2025-11-16,Night,AN-04,0.953,0.245,92.76,99.771,9.69
2025-11-17,Morning,AN-02,0.659,0.23,91.62,99.806,9.58
2025-11-17,Evening,AN-01,0.681,0.26,93.02,99.705,9.25
2025-11-17,Night,AN-03,0.787,0.183,93.07,99.623,9.24
2025-11-18,Morning,AN-01,1.132,0.233,95.6,99.311,8.48
2025-11-18,Evening,AN-04,1.117,0.203,93.59,99.446,8.88
2025-11-18,Night,AN-01,0.746,0.197,90.17,99.7,9.3
2025-11-19,Morning,AN-04,0.721,0.177,96.21,99.787,8.88
2025-11-19,Evening,AN-02,0.981,0.279,92.38,99.25,8.62
2025-11-19,Night,AN-03,0.737,0.192,93.69,99.544,9.04
2025-11-20,Morning,AN-04,0.82,0.234,97.15,99.674,8.67
2025-11-20,Evening,AN-02,0.923,0.208,98.2,99.256,8.77
2025-11-20,Night,AN-02,0.872,0.201,94.34,99.79,9.12
2025-11-21,Morning,AN-01,0.837,0.188,92.09,99.796,8.32
2025-11-21,Evening,AN-02,0.738,0.213,95.51,99.512,9.36
2025-11-21,Night,AN-04,0.649,0.179,93.69,99.797,9.51
2025-11-22,Morning,AN-03,0.797,0.266,92.41,99.703,8.77
2025-11-22,Evening,AN-02,0.992,0.181,91.62,99.186,9.0
2025-11-22,Night,AN-01,0.654,0.249,93.41,99.695,9.06
2025-11-23,Morning,AN-01,0.692,0.194,92.54,99.828,9.26
2025-11-23,Evening,AN-02,0.748,0.249,96.84,99.67,9.38
2025-11-23,Night,AN-02,0.857,0.248,92.23,99.75,9.13
2025-11-24,Morning,AN-04,0.801,0.191,93.21,99.896,9.21
2025-11-24,Evening,AN-03,0.778,0.19,94.06,99.714,9.04
2025-11-24,Night,AN-01,0.699,0.234,96.57,99.764,9.04
2025-11-25,Morning,AN-03,0.653,0.222,93.74,99.719,9.23
2025-11-25,Evening,AN-04,1.112,0.164,92.42,99.148,8.95
2025-11-25,Night,AN-04,0.786,0.25,91.92,99.609,8.82
2025-11-26,Morning,AN-04,0.722,0.251,91.31,99.61,8.07
2025-11-26,Evening,AN-01,0.874,0.249,91.8,99.436,8.98
2025-11-26,Night,AN-04,1.032,0.236,88.35,99.189,8.8
2025-11-27,Morning,AN-01,0.75,0.249,94.35,99.746,8.64
2025-11-27,Evening,AN-01,0.712,0.238,94.61,99.715,8.85
2025-11-27,Night,AN-02,1.021,0.223,94.95,99.306,9.03
2025-11-28,Morning,AN-03,0.746,0.243,94.8,99.678,8.56
2025-11-28,Evening,AN-04,0.828,0.239,90.03,99.597,8.97
2025-11-28,Night,AN-01,0.623,0.16,90.81,99.649,9.14
2025-11-29,Morning,AN-03,0.822,0.254,92.42,99.768,9.35
2025-11-29,Evening,AN-03,0.893,0.257,92.21,99.749,9.08
2025-11-29,Night,AN-02,0.918,0.178,93.56,99.743,8.94
2025-11-30,Morning,AN-02,0.643,0.202,96.38,99.692,9.13
2025-11-30,Evening,AN-02,0.595,0.22,90.16,99.634,8.77
2025-11-30,Night,AN-04,0.815,0.198,92.85,99.771,8.88
2025-12-01,Morning,AN-02,0.779,0.222,96.61,99.597,8.96
2025-12-01,Evening,AN-02,0.699,0.249,92.98,99.524,8.62
2025-12-01,Night,AN-04,0.789,0.213,91.11,99.618,9.33
2025-12-02,Morning,AN-02,0.761,0.229,92.23,99.81,9.0
2025-12-02,Evening,AN-03,0.733,0.19,88.61,99.664,8.88
2025-12-02,Night,AN-01,0.738,0.186,94.68,99.774,8.7
2025-12-03,Morning,AN-01,0.813,0.193,91.89,99.654,8.44
2025-12-03,Evening,AN-01,0.777,0.199,94.26,99.632,8.7
2025-12-03,Night,AN-04,0.799,0.17,94.88,99.686,9.38
2025-12-04,Morning,AN-04,0.659,0.219,94.89,99.721,7.86
2025-12-04,Evening,AN-02,0.753,0.211,93.77,99.462,8.54
2025-12-04,Night,AN-03,0.799,0.205,92.09,99.6,8.88
2025-12-05,Morning,AN-02,0.769,0.19,90.49,99.712,9.35
2025-12-05,Evening,AN-02,0.732,0.172,92.72,99.819,8.68
2025-12-05,Night,AN-04,0.848,0.184,94.42,99.563,9.27
2025-12-06,Morning,AN-04,0.729,0.209,91.78,99.699,8.63
2025-12-06,Evening,AN-03,0.854,0.173,91.32,99.829,9.15
2025-12-06,Night,AN-01,0.953,0.185,94.34,99.784,9.15
2025-12-07,Morning,AN-04,0.723,0.219,93.54,99.62,9.14
2025-12-07,Evening,AN-02,0.787,0.191,94.89,99.698,8.9
2025-12-07,Night,AN-01,0.708,0.205,91.6,99.52,8.19
2025-12-08,Morning,AN-01,0.846,0.215,94.87,99.647,8.74
2025-12-08,Evening,AN-03,0.741,0.253,94.94,99.84,8.92
2025-12-08,Night,AN-04,0.858,0.195,92.38,99.806,8.6
2025-12-09,Morning,AN-03,0.646,0.227,94.56,99.697,9.18
2025-12-09,Evening,AN-03,0.797,0.216,91.62,99.86,8.98
2025-12-09,Night,AN-02,0.77,0.166,92.9,99.725,8.93
2025-12-10,Morning,AN-01,0.627,0.227,93.67,99.684,9.28
2025-12-10,Evening,AN-03,0.587,0.183,94.58,99.855,8.71
2025-12-10,Night,AN-01,0.719,0.206,91.46,99.786,8.57
2025-12-11,Morning,AN-04,0.745,0.169,91.8,99.719,8.8
2025-12-11,Evening,AN-02,0.766,0.164,95.64,99.784,8.85
2025-12-11,Night,AN-01,0.761,0.241,88.82,99.888,9.02
2025-12-12,Morning,AN-04,0.62,0.242,95.11,99.608,8.87
2025-12-12,Evening,AN-03,0.625,0.234,92.67,99.624,8.81
2025-12-12,Night,AN-04,0.719,0.139,93.3,99.643,8.74
2025-12-13,Morning,AN-02,0.624,0.202,94.75,99.586,8.69
2025-12-13,Evening,AN-01,0.724,0.196,91.52,99.727,9.2
2025-12-13,Night,AN-02,0.648,0.266,93.27,99.73,8.01
2025-12-14,Morning,AN-04,0.7,0.211,92.17,99.742,9.03
2025-12-14,Evening,AN-01,0.714,0.168,93.72,99.691,8.88
2025-12-14,Night,AN-04,0.77,0.21,91.21,99.6,8.99
2025-12-15,Morning,AN-04,0.825,0.243,93.56,99.61,8.84
2025-12-15,Evening,AN-01,0.706,0.208,94.97,99.619,8.54
2025-12-15,Night,AN-01,0.692,0.167,91.17,99.603,9.19
2025-12-16,Morning,AN-03,0.764,0.216,95.61,99.673,8.72
2025-12-16,Evening,AN-04,0.845,0.216,88.84,99.56,8.94
2025-12-16,Night,AN-03,0.657,0.229,97.48,99.858,8.65
2025-12-17,Morning,AN-04,0.753,0.21,93.94,99.846,8.79
2025-12-17,Evening,AN-04,0.718,0.246,96.09,99.677,9.05
2025-12-17,Night,AN-01,0.777,0.145,92.45,99.82,8.8
2025-12-18,Morning,AN-03,0.732,0.203,93.11,99.503,9.22
2025-12-18,Evening,AN-02,0.719,0.231,94.11,99.774,8.99
2025-12-18,Night,AN-02,0.833,0.16,93.23,99.573,8.95
2025-12-19,Morning,AN-04,0.674,0.236,92.44,99.682,9.22
2025-12-19,Evening,AN-04,0.689,0.231,92.48,99.718,9.35
2025-12-19,Night,AN-02,0.75,0.22,94.0,99.741,9.43
2025-12-20,Morning,AN-02,0.948,0.27,93.46,99.709,9.02
2025-12-20,Evening,AN-02,0.662,0.245,95.33,99.732,8.01
2025-12-20,Night,AN-04,0.737,0.214,95.24,99.922,9.04
2025-12-21,Morning,AN-03,0.751,0.18,90.3,99.771,8.89
2025-12-21,Evening,AN-04,0.807,0.232,92.95,99.74,9.01
2025-12-21,Night,AN-01,0.734,0.262,96.73,99.857,8.93
2025-12-22,Morning,AN-02,0.848,0.214,99.76,99.746,8.95
2025-12-22,Evening,AN-04,0.7,0.202,90.51,99.654,8.54
2025-12-22,Night,AN-03,0.845,0.213,95.3,99.698,9.16
2025-12-23,Morning,AN-02,0.75,0.204,97.68,99.883,8.78
2025-12-23,Evening,AN-03,0.795,0.309,95.19,99.959,9.0
2025-12-23,Night,AN-01,0.711,0.234,90.08,99.806,8.57
2025-12-24,Morning,AN-02,0.814,0.236,98.56,99.588,8.42
2025-12-24,Evening,AN-04,0.66,0.197,93.57,99.527,9.01
2025-12-24,Night,AN-03,0.885,0.223,98.26,99.78,9.13
2025-12-25,Morning,AN-03,0.757,0.256,94.98,99.735,8.5
2025-12-25,Evening,AN-04,0.746,0.224,93.64,99.741,9.28
2025-12-25,Night,AN-03,0.642,0.193,94.66,99.627,8.92
2025-12-26,Morning,AN-03,0.62,0.137,91.33,99.681,8.75
2025-12-26,Evening,AN-03,0.622,0.163,93.55,99.633,8.7
2025-12-26,Night,AN-04,0.751,0.225,94.28,99.623,9.16
2025-12-27,Morning,AN-02,0.692,0.186,93.41,99.553,9.24
2025-12-27,Evening,AN-02,0.754,0.228,89.97,99.645,9.0
2025-12-27,Night,AN-03,0.809,0.198,91.61,99.659,8.89
2025-12-28,Morning,AN-02,0.815,0.21,93.43,99.688,8.97
2025-12-28,Evening,AN-01,0.785,0.198,89.23,99.568,9.01
2025-12-28,Night,AN-04,0.66,0.219,96.85,99.608,8.9
2025-12-29,Morning,AN-01,0.727,0.255,92.97,99.668,9.28
2025-12-29,Evening,AN-03,0.725,0.205,92.97,99.622,9.27
2025-12-29,Night,AN-04,0.721,0.241,90.7,99.817,8.63
2025-12-30,Morning,AN-01,0.697,0.24,95.86,99.589,8.74
2025-12-30,Evening,AN-01,0.758,0.202,92.6,99.759,9.06
2025-12-30,Night,AN-04,0.76,0.205,93.87,99.655,9.85
2025-12-31,Morning,AN-02,0.665,0.218,97.52,99.816,9.34
2025-12-31,Evening,AN-01,0.752,0.237,95.19,99.655,9.12
2025-12-31,Night,AN-01,0.802,0.213,94.32,99.616,8.72
